{"cameraMode":{"drawMode":0,"name":"Shaded","section":"Shading Mode"},"sceneLighting":true,"audioPlay":false,"sceneViewState":{"m_AlwaysRefresh":false,"showFog":true,"showSkybox":true,"showFlares":true,"showImageEffects":true,"showParticleSystems":true,"showVisualEffectGraphs":true,"m_FxEnabled":true},"in2DMode":false,"pivot":{"x":-0.786884069442749,"y":-12.284390449523926,"z":-29.269065856933595},"rotation":{"x":0.0024910804349929096,"y":-0.8760918974876404,"z":0.48248833417892458,"w":0.0053474814631044868},"size":26.9793701171875,"orthographic":false}