{"cameraMode":{"drawMode":0,"name":"Shaded","section":"Shading Mode"},"sceneLighting":true,"audioPlay":false,"sceneViewState":{"m_AlwaysRefresh":false,"showFog":true,"showSkybox":true,"showFlares":true,"showImageEffects":true,"showParticleSystems":true,"showVisualEffectGraphs":true,"m_FxEnabled":true},"in2DMode":false,"pivot":{"x":1.2073750495910645,"y":-0.4706229269504547,"z":-39.3415412902832},"rotation":{"x":0.00017701787874102592,"y":-0.9951810836791992,"z":0.09975255280733109,"w":0.0058974395506083969},"size":11.854510307312012,"orthographic":false}