{"cameraMode":{"drawMode":0,"name":"Shaded","section":"Shading Mode"},"sceneLighting":true,"audioPlay":false,"sceneViewState":{"m_AlwaysRefresh":false,"showFog":true,"showSkybox":true,"showFlares":true,"showImageEffects":true,"showParticleSystems":true,"showVisualEffectGraphs":true,"m_FxEnabled":true},"in2DMode":false,"pivot":{"x":0.5007360577583313,"y":1.4284025430679322,"z":-30.697690963745118},"rotation":{"x":-0.002114800736308098,"y":0.9408714771270752,"z":-0.33907729387283327,"w":-0.00497887097299099},"size":14.134624481201172,"orthographic":false}