{"cameraMode":{"drawMode":0,"name":"Shaded","section":"Shading Mode"},"sceneLighting":true,"audioPlay":false,"sceneViewState":{"m_AlwaysRefresh":false,"showFog":true,"showSkybox":true,"showFlares":true,"showImageEffects":true,"showParticleSystems":true,"showVisualEffectGraphs":true,"m_FxEnabled":true},"in2DMode":false,"pivot":{"x":1.2010728120803834,"y":1.523324966430664,"z":-22.418872833251954},"rotation":{"x":0.003834438743069768,"y":-0.9655616283416748,"z":0.2603859305381775,"w":0.015947381034493448},"size":6.1945977210998539,"orthographic":false}